{
  "test_id": "animal_populations",
  "display_name": "Species Population Estimates",
  "category": "Biology",
  "description": "~10 orders of magnitude",
  "status": "complete",
  "data_points": 50,
  "source": "hardcoded",
  "digit_distribution": {
    "1": 0.3,
    "2": 0.14,
    "3": 0.18,
    "4": 0.0,
    "5": 0.2,
    "6": 0.0,
    "7": 0.16,
    "8": 0.02,
    "9": 0.0
  },
  "expected_distribution": {
    "1": 0.30103,
    "2": 0.176091,
    "3": 0.124939,
    "4": 0.09691,
    "5": 0.079181,
    "6": 0.066947,
    "7": 0.057992,
    "8": 0.051153,
    "9": 0.045757
  },
  "per_digit_deviation": {
    "1": -0.00103,
    "2": -0.036091,
    "3": 0.055061,
    "4": -0.09691,
    "5": 0.120819,
    "6": -0.066947,
    "7": 0.102008,
    "8": -0.031153,
    "9": -0.045757
  },
  "chi_squared": {
    "statistic": 31.201851,
    "p_value": 0.000129
  },
  "mad": 0.061753,
  "mad_classification": "Nonconformity",
  "ks_test": {
    "statistic": 0.07897,
    "p_value": 0.889819
  },
  "delta_b": 0.215118,
  "verdict": "DEVIATES",
  "confidence": "low",
  "notes": "",
  "interesting_findings": "",
  "timestamp": "2026-02-07T00:07:46.442080+00:00"
}