{
  "test_id": "bird_migration_distances",
  "display_name": "Bird Migration Distances",
  "category": "Biology",
  "description": "Wide range",
  "status": "complete",
  "data_points": 50,
  "source": "hardcoded",
  "digit_distribution": {
    "1": 0.38,
    "2": 0.12,
    "3": 0.12,
    "4": 0.08,
    "5": 0.06,
    "6": 0.08,
    "7": 0.06,
    "8": 0.06,
    "9": 0.04
  },
  "expected_distribution": {
    "1": 0.30103,
    "2": 0.176091,
    "3": 0.124939,
    "4": 0.09691,
    "5": 0.079181,
    "6": 0.066947,
    "7": 0.057992,
    "8": 0.051153,
    "9": 0.045757
  },
  "per_digit_deviation": {
    "1": 0.07897,
    "2": -0.056091,
    "3": -0.004939,
    "4": -0.01691,
    "5": -0.019181,
    "6": 0.013053,
    "7": 0.002008,
    "8": 0.008847,
    "9": -0.005757
  },
  "chi_squared": {
    "statistic": 2.562263,
    "p_value": 0.958764
  },
  "mad": 0.022862,
  "mad_classification": "Nonconformity",
  "ks_test": {
    "statistic": 0.07897,
    "p_value": 0.889819
  },
  "delta_b": 0.101718,
  "verdict": "DEVIATES",
  "confidence": "low",
  "notes": "",
  "interesting_findings": "",
  "timestamp": "2026-02-07T00:07:46.449070+00:00"
}