{
  "test_id": "city_populations",
  "display_name": "World City Populations",
  "category": "Demographics",
  "description": "Strong conformance expected",
  "status": "complete",
  "data_points": 83,
  "source": "wiki:city_populations",
  "digit_distribution": {
    "1": 0.240964,
    "2": 0.096386,
    "3": 0.036145,
    "4": 0.012048,
    "5": 0.156627,
    "6": 0.180723,
    "7": 0.168675,
    "8": 0.048193,
    "9": 0.060241
  },
  "expected_distribution": {
    "1": 0.30103,
    "2": 0.176091,
    "3": 0.124939,
    "4": 0.09691,
    "5": 0.079181,
    "6": 0.066947,
    "7": 0.057992,
    "8": 0.051153,
    "9": 0.045757
  },
  "per_digit_deviation": {
    "1": -0.060066,
    "2": -0.079705,
    "3": -0.088794,
    "4": -0.084862,
    "5": 0.077446,
    "6": 0.113776,
    "7": 0.110683,
    "8": -0.00296,
    "9": 0.014484
  },
  "chi_squared": {
    "statistic": 55.659353,
    "p_value": 0.0
  },
  "mad": 0.070308,
  "mad_classification": "Nonconformity",
  "ks_test": {
    "statistic": 0.313428,
    "p_value": 0.0
  },
  "delta_b": 0.237611,
  "verdict": "DEVIATES",
  "confidence": "low",
  "notes": "",
  "interesting_findings": "",
  "timestamp": "2026-02-07T00:07:41.362193+00:00"
}