{
  "test_id": "collatz_lengths",
  "display_name": "Collatz Sequence Lengths",
  "category": "Mathematics",
  "description": "Total stopping times for n=1 to 10000",
  "status": "complete",
  "data_points": 9999,
  "source": "generated:collatz",
  "digit_distribution": {
    "1": 0.393439,
    "2": 0.067707,
    "3": 0.108211,
    "4": 0.108411,
    "5": 0.090109,
    "6": 0.077408,
    "7": 0.067307,
    "8": 0.039504,
    "9": 0.047905
  },
  "expected_distribution": {
    "1": 0.30103,
    "2": 0.176091,
    "3": 0.124939,
    "4": 0.09691,
    "5": 0.079181,
    "6": 0.066947,
    "7": 0.057992,
    "8": 0.051153,
    "9": 0.045757
  },
  "per_digit_deviation": {
    "1": 0.092409,
    "2": -0.108384,
    "3": -0.016728,
    "4": 0.011501,
    "5": 0.010928,
    "6": 0.010461,
    "7": 0.009315,
    "8": -0.011649,
    "9": 0.002148
  },
  "chi_squared": {
    "statistic": 1060.642116,
    "p_value": 0.0
  },
  "mad": 0.030391,
  "mad_classification": "Nonconformity",
  "ks_test": {
    "statistic": 0.092409,
    "p_value": 0.0
  },
  "delta_b": 0.145446,
  "verdict": "EXPLAINED",
  "confidence": "high",
  "notes": "Collatz stopping times are not multiplicative \u2014 they're determined by a chaotic dynamical system. The deviation reflects that Collatz lengths cluster in specific ranges rather than spanning decades uniformly.",
  "interesting_findings": "",
  "timestamp": "2026-02-07T00:04:22.416776+00:00"
}