{
  "test_id": "country_areas",
  "display_name": "Country Land Areas",
  "category": "Geography",
  "description": "Moderate range of values",
  "status": "complete",
  "data_points": 263,
  "source": "wiki:areas",
  "digit_distribution": {
    "1": 0.281369,
    "2": 0.186312,
    "3": 0.136882,
    "4": 0.110266,
    "5": 0.072243,
    "6": 0.064639,
    "7": 0.060837,
    "8": 0.038023,
    "9": 0.04943
  },
  "expected_distribution": {
    "1": 0.30103,
    "2": 0.176091,
    "3": 0.124939,
    "4": 0.09691,
    "5": 0.079181,
    "6": 0.066947,
    "7": 0.057992,
    "8": 0.051153,
    "9": 0.045757
  },
  "per_digit_deviation": {
    "1": -0.019661,
    "2": 0.010221,
    "3": 0.011943,
    "4": 0.013356,
    "5": -0.006938,
    "6": -0.002308,
    "7": 0.002845,
    "8": -0.01313,
    "9": 0.003673
  },
  "chi_squared": {
    "statistic": 2.459466,
    "p_value": 0.963594
  },
  "mad": 0.009342,
  "mad_classification": "Acceptable conformity",
  "ks_test": {
    "statistic": 0.019661,
    "p_value": 0.999918
  },
  "delta_b": 0.03255,
  "verdict": "MARGINAL",
  "confidence": "high",
  "notes": "Country land areas span ~5 orders of magnitude. Geographic/geological processes (tectonic, erosional) create this range. Moderate Benford conformance.",
  "interesting_findings": "",
  "timestamp": "2026-02-07T00:07:42.047995+00:00"
}