{
  "test_id": "country_gdp",
  "display_name": "GDP by Country",
  "category": "Economics",
  "description": "Financial/economic data",
  "status": "complete",
  "data_points": 215,
  "source": "wiki:gdp",
  "digit_distribution": {
    "1": 0.302326,
    "2": 0.213953,
    "3": 0.102326,
    "4": 0.144186,
    "5": 0.060465,
    "6": 0.046512,
    "7": 0.046512,
    "8": 0.046512,
    "9": 0.037209
  },
  "expected_distribution": {
    "1": 0.30103,
    "2": 0.176091,
    "3": 0.124939,
    "4": 0.09691,
    "5": 0.079181,
    "6": 0.066947,
    "7": 0.057992,
    "8": 0.051153,
    "9": 0.045757
  },
  "per_digit_deviation": {
    "1": 0.001296,
    "2": 0.037862,
    "3": -0.022613,
    "4": 0.047276,
    "5": -0.018716,
    "6": -0.020435,
    "7": -0.01148,
    "8": -0.004641,
    "9": -0.008548
  },
  "chi_squared": {
    "statistic": 10.804578,
    "p_value": 0.21302
  },
  "mad": 0.019207,
  "mad_classification": "Nonconformity",
  "ks_test": {
    "statistic": 0.063821,
    "p_value": 0.331156
  },
  "delta_b": 0.071943,
  "verdict": "MARGINAL",
  "confidence": "high",
  "notes": "GDP values span ~5 orders of magnitude and arise from multiplicative economic processes. Classic Benford test case for financial/economic data. Moderate conformance consistent with multiplicative growth models.",
  "interesting_findings": "",
  "timestamp": "2026-02-07T00:07:41.655076+00:00"
}