{
  "test_id": "election_vote_counts",
  "display_name": "Election Vote Counts",
  "category": "Demographics",
  "description": "Fraud detection context",
  "status": "complete",
  "data_points": 51,
  "source": "wiki:elections",
  "digit_distribution": {
    "1": 0.254902,
    "2": 0.117647,
    "3": 0.215686,
    "4": 0.078431,
    "5": 0.176471,
    "6": 0.019608,
    "7": 0.019608,
    "8": 0.058824,
    "9": 0.058824
  },
  "expected_distribution": {
    "1": 0.30103,
    "2": 0.176091,
    "3": 0.124939,
    "4": 0.09691,
    "5": 0.079181,
    "6": 0.066947,
    "7": 0.057992,
    "8": 0.051153,
    "9": 0.045757
  },
  "per_digit_deviation": {
    "1": -0.046128,
    "2": -0.058444,
    "3": 0.090747,
    "4": -0.018479,
    "5": 0.09729,
    "6": -0.047339,
    "7": -0.038384,
    "8": 0.007671,
    "9": 0.013067
  },
  "chi_squared": {
    "statistic": 14.23935,
    "p_value": 0.075736
  },
  "mad": 0.046394,
  "mad_classification": "Nonconformity",
  "ks_test": {
    "statistic": 0.104572,
    "p_value": 0.595639
  },
  "delta_b": 0.165919,
  "verdict": "DEVIATES",
  "confidence": "low",
  "notes": "",
  "interesting_findings": "",
  "timestamp": "2026-02-07T00:07:46.439015+00:00"
}