{
  "test_id": "fd_temperature_sweep",
  "display_name": "Fermi-Dirac Temperature Sweep",
  "category": "Quantum Statistics",
  "description": "FD across 8 decades of T \u2014 validates oscillation predictions",
  "status": "complete",
  "data_points": 250000,
  "source": "generated:fd_temperature_sweep",
  "digit_distribution": {
    "1": 0.115544,
    "2": 0.085124,
    "3": 0.083636,
    "4": 0.564256,
    "5": 0.026084,
    "6": 0.024024,
    "7": 0.066552,
    "8": 0.018344,
    "9": 0.016436
  },
  "expected_distribution": {
    "1": 0.30103,
    "2": 0.176091,
    "3": 0.124939,
    "4": 0.09691,
    "5": 0.079181,
    "6": 0.066947,
    "7": 0.057992,
    "8": 0.051153,
    "9": 0.045757
  },
  "per_digit_deviation": {
    "1": -0.185486,
    "2": -0.090967,
    "3": -0.041303,
    "4": 0.467346,
    "5": -0.053097,
    "6": -0.042923,
    "7": 0.00856,
    "8": -0.032809,
    "9": -0.029321
  },
  "chi_squared": {
    "statistic": 633230.809674,
    "p_value": 0.0
  },
  "mad": 0.105757,
  "mad_classification": "Nonconformity",
  "ks_test": {
    "statistic": 0.317756,
    "p_value": 0.0
  },
  "delta_b": 0.519104,
  "verdict": "DEVIATES",
  "confidence": "high",
  "notes": "",
  "interesting_findings": "",
  "timestamp": "2026-02-07T00:35:13.249736+00:00"
}