{
  "test_id": "fortune500_revenue",
  "display_name": "Fortune 500 Revenues",
  "category": "Finance",
  "description": "Well-characterized financial data",
  "status": "complete",
  "data_points": 50,
  "source": "hardcoded",
  "digit_distribution": {
    "1": 0.38,
    "2": 0.2,
    "3": 0.1,
    "4": 0.02,
    "5": 0.02,
    "6": 0.06,
    "7": 0.08,
    "8": 0.08,
    "9": 0.06
  },
  "expected_distribution": {
    "1": 0.30103,
    "2": 0.176091,
    "3": 0.124939,
    "4": 0.09691,
    "5": 0.079181,
    "6": 0.066947,
    "7": 0.057992,
    "8": 0.051153,
    "9": 0.045757
  },
  "per_digit_deviation": {
    "1": 0.07897,
    "2": 0.023909,
    "3": -0.024939,
    "4": -0.07691,
    "5": -0.059181,
    "6": -0.006947,
    "7": 0.022008,
    "8": 0.028847,
    "9": 0.014243
  },
  "chi_squared": {
    "statistic": 8.199285,
    "p_value": 0.41425
  },
  "mad": 0.037328,
  "mad_classification": "Nonconformity",
  "ks_test": {
    "statistic": 0.102879,
    "p_value": 0.627853
  },
  "delta_b": 0.135702,
  "verdict": "DEVIATES",
  "confidence": "low",
  "notes": "",
  "interesting_findings": "",
  "timestamp": "2026-02-07T00:07:46.469804+00:00"
}