{
  "test_id": "insect_species_per_family",
  "display_name": "Species per Insect Family",
  "category": "Biology",
  "description": "Highly skewed distribution",
  "status": "complete",
  "data_points": 66,
  "source": "hardcoded",
  "digit_distribution": {
    "1": 0.272727,
    "2": 0.166667,
    "3": 0.136364,
    "4": 0.136364,
    "5": 0.060606,
    "6": 0.090909,
    "7": 0.060606,
    "8": 0.030303,
    "9": 0.045455
  },
  "expected_distribution": {
    "1": 0.30103,
    "2": 0.176091,
    "3": 0.124939,
    "4": 0.09691,
    "5": 0.079181,
    "6": 0.066947,
    "7": 0.057992,
    "8": 0.051153,
    "9": 0.045757
  },
  "per_digit_deviation": {
    "1": -0.028303,
    "2": -0.009424,
    "3": 0.011425,
    "4": 0.039454,
    "5": -0.018575,
    "6": 0.023962,
    "7": 0.002614,
    "8": -0.02085,
    "9": -0.000302
  },
  "chi_squared": {
    "statistic": 2.760455,
    "p_value": 0.948479
  },
  "mad": 0.017212,
  "mad_classification": "Nonconformity",
  "ks_test": {
    "statistic": 0.037727,
    "p_value": 0.999939
  },
  "delta_b": 0.062753,
  "verdict": "MARGINAL",
  "confidence": "low",
  "notes": "",
  "interesting_findings": "",
  "timestamp": "2026-02-07T00:07:46.452167+00:00"
}