{
  "test_id": "mountain_heights",
  "display_name": "Mountain Peak Elevations",
  "category": "Earth Sciences",
  "description": "Narrow range \u2014 may deviate",
  "status": "complete",
  "data_points": 120,
  "source": "wiki:mountains",
  "digit_distribution": {
    "1": 0.0,
    "2": 0.0,
    "3": 0.0,
    "4": 0.0,
    "5": 0.0,
    "6": 0.0,
    "7": 0.883333,
    "8": 0.116667,
    "9": 0.0
  },
  "expected_distribution": {
    "1": 0.30103,
    "2": 0.176091,
    "3": 0.124939,
    "4": 0.09691,
    "5": 0.079181,
    "6": 0.066947,
    "7": 0.057992,
    "8": 0.051153,
    "9": 0.045757
  },
  "per_digit_deviation": {
    "1": -0.30103,
    "2": -0.176091,
    "3": -0.124939,
    "4": -0.09691,
    "5": -0.079181,
    "6": -0.066947,
    "7": 0.825341,
    "8": 0.065514,
    "9": -0.045757
  },
  "chi_squared": {
    "statistic": 1526.521609,
    "p_value": 0.0
  },
  "mad": 0.197968,
  "mad_classification": "Nonconformity",
  "ks_test": {
    "statistic": 0.845098,
    "p_value": 0.0
  },
  "delta_b": 0.919214,
  "verdict": "DEVIATES",
  "confidence": "high",
  "notes": "",
  "interesting_findings": "",
  "timestamp": "2026-02-07T00:07:42.750261+00:00"
}