{
  "test_id": "nuclear_half_lives",
  "display_name": "Nuclear Half-Lives",
  "category": "Nuclear Physics",
  "description": "Confirmed by Ni & Ren (2008)",
  "status": "complete",
  "data_points": 78,
  "source": "hardcoded",
  "digit_distribution": {
    "1": 0.217949,
    "2": 0.179487,
    "3": 0.128205,
    "4": 0.089744,
    "5": 0.076923,
    "6": 0.102564,
    "7": 0.051282,
    "8": 0.115385,
    "9": 0.038462
  },
  "expected_distribution": {
    "1": 0.30103,
    "2": 0.176091,
    "3": 0.124939,
    "4": 0.09691,
    "5": 0.079181,
    "6": 0.066947,
    "7": 0.057992,
    "8": 0.051153,
    "9": 0.045757
  },
  "per_digit_deviation": {
    "1": -0.083081,
    "2": 0.003396,
    "3": 0.003266,
    "4": -0.007166,
    "5": -0.002258,
    "6": 0.035617,
    "7": -0.00671,
    "8": 0.064232,
    "9": -0.007295
  },
  "chi_squared": {
    "statistic": 9.76718,
    "p_value": 0.281749
  },
  "mad": 0.023669,
  "mad_classification": "Nonconformity",
  "ks_test": {
    "statistic": 0.085844,
    "p_value": 0.583365
  },
  "delta_b": 0.111686,
  "verdict": "EXPLAINED",
  "confidence": "low",
  "notes": "Nuclear half-lives span ~50 orders of magnitude (10^{-22} s to 10^{28} s), the widest range of any physical observable. This enormous multiplicative range is the hallmark of Benford conformance. Confirmed by Ni & Ren (2008). The deviation may reflect the discreteness of nuclear states.",
  "interesting_findings": "",
  "timestamp": "2026-02-07T00:07:46.546363+00:00"
}