{
  "test_id": "tree_heights",
  "display_name": "Maximum Tree Heights by Species",
  "category": "Biology",
  "description": "Moderate range",
  "status": "complete",
  "data_points": 60,
  "source": "hardcoded",
  "digit_distribution": {
    "1": 0.133333,
    "2": 0.1,
    "3": 0.116667,
    "4": 0.1,
    "5": 0.1,
    "6": 0.1,
    "7": 0.116667,
    "8": 0.15,
    "9": 0.083333
  },
  "expected_distribution": {
    "1": 0.30103,
    "2": 0.176091,
    "3": 0.124939,
    "4": 0.09691,
    "5": 0.079181,
    "6": 0.066947,
    "7": 0.057992,
    "8": 0.051153,
    "9": 0.045757
  },
  "per_digit_deviation": {
    "1": -0.167697,
    "2": -0.076091,
    "3": -0.008272,
    "4": 0.00309,
    "5": 0.020819,
    "6": 0.033053,
    "7": 0.058675,
    "8": 0.098847,
    "9": 0.037576
  },
  "chi_squared": {
    "statistic": 25.798535,
    "p_value": 0.001137
  },
  "mad": 0.056013,
  "mad_classification": "Nonconformity",
  "ks_test": {
    "statistic": 0.25206,
    "p_value": 0.000758
  },
  "delta_b": 0.223923,
  "verdict": "DEVIATES",
  "confidence": "low",
  "notes": "",
  "interesting_findings": "",
  "timestamp": "2026-02-07T00:07:46.445949+00:00"
}