{
  "test_id": "twin_prime_gaps",
  "display_name": "Twin Prime Gap Sizes",
  "category": "Mathematics",
  "description": "Gaps between consecutive twin primes up to 1M",
  "status": "complete",
  "data_points": 8168,
  "source": "generated:twin_prime_gaps",
  "digit_distribution": {
    "1": 0.365451,
    "2": 0.130142,
    "3": 0.13406,
    "4": 0.112145,
    "5": 0.026322,
    "6": 0.088761,
    "7": 0.065622,
    "8": 0.020323,
    "9": 0.057174
  },
  "expected_distribution": {
    "1": 0.30103,
    "2": 0.176091,
    "3": 0.124939,
    "4": 0.09691,
    "5": 0.079181,
    "6": 0.066947,
    "7": 0.057992,
    "8": 0.051153,
    "9": 0.045757
  },
  "per_digit_deviation": {
    "1": 0.064421,
    "2": -0.045949,
    "3": 0.009121,
    "4": 0.015235,
    "5": -0.052859,
    "6": 0.021814,
    "7": 0.00763,
    "8": -0.03083,
    "9": 0.011417
  },
  "chi_squared": {
    "statistic": 765.062371,
    "p_value": 0.0
  },
  "mad": 0.028808,
  "mad_classification": "Nonconformity",
  "ks_test": {
    "statistic": 0.064421,
    "p_value": 0.0
  },
  "delta_b": 0.104813,
  "verdict": "EXPLAINED",
  "confidence": "high",
  "notes": "Gaps between twin primes grow roughly as log(p)^2. Like primes themselves, the gap distribution has number-theoretic structure that prevents Benford conformance.",
  "interesting_findings": "",
  "timestamp": "2026-02-07T00:03:38.182020+00:00"
}