{
  "test_id": "viral_genome_lengths",
  "display_name": "Virus Genome Lengths",
  "category": "Biology",
  "description": "~2k-2M nucleotides",
  "status": "complete",
  "data_points": 59,
  "source": "hardcoded",
  "digit_distribution": {
    "1": 0.389831,
    "2": 0.152542,
    "3": 0.118644,
    "4": 0.067797,
    "5": 0.067797,
    "6": 0.033898,
    "7": 0.050847,
    "8": 0.067797,
    "9": 0.050847
  },
  "expected_distribution": {
    "1": 0.30103,
    "2": 0.176091,
    "3": 0.124939,
    "4": 0.09691,
    "5": 0.079181,
    "6": 0.066947,
    "7": 0.057992,
    "8": 0.051153,
    "9": 0.045757
  },
  "per_digit_deviation": {
    "1": 0.088801,
    "2": -0.023549,
    "3": -0.006295,
    "4": -0.029113,
    "5": -0.011384,
    "6": -0.033049,
    "7": -0.007145,
    "8": 0.016644,
    "9": 0.00509
  },
  "chi_squared": {
    "statistic": 3.730082,
    "p_value": 0.880619
  },
  "mad": 0.024563,
  "mad_classification": "Nonconformity",
  "ks_test": {
    "statistic": 0.088801,
    "p_value": 0.707226
  },
  "delta_b": 0.104418,
  "verdict": "DEVIATES",
  "confidence": "low",
  "notes": "",
  "interesting_findings": "",
  "timestamp": "2026-02-07T00:07:46.564167+00:00"
}