{
  "test_id": "zip_code_populations",
  "display_name": "US ZIP Code Populations",
  "category": "Demographics",
  "description": "~42000 data points",
  "status": "complete",
  "data_points": 1000,
  "source": "census",
  "digit_distribution": {
    "1": 0.303,
    "2": 0.184,
    "3": 0.118,
    "4": 0.097,
    "5": 0.076,
    "6": 0.067,
    "7": 0.057,
    "8": 0.051,
    "9": 0.047
  },
  "expected_distribution": {
    "1": 0.30103,
    "2": 0.176091,
    "3": 0.124939,
    "4": 0.09691,
    "5": 0.079181,
    "6": 0.066947,
    "7": 0.057992,
    "8": 0.051153,
    "9": 0.045757
  },
  "per_digit_deviation": {
    "1": 0.00197,
    "2": 0.007909,
    "3": -0.006939,
    "4": 9e-05,
    "5": -0.003181,
    "6": 5.3e-05,
    "7": -0.000992,
    "8": -0.000153,
    "9": 0.001243
  },
  "chi_squared": {
    "statistic": 0.932552,
    "p_value": 0.99864
  },
  "mad": 0.002503,
  "mad_classification": "Close conformity",
  "ks_test": {
    "statistic": 0.009879,
    "p_value": 0.999962
  },
  "delta_b": 0.011281,
  "verdict": "CONFORMS",
  "confidence": "high",
  "notes": "",
  "interesting_findings": "",
  "timestamp": "2026-02-07T00:07:46.465735+00:00"
}